asin,title,count(reviews.asin)
B0000SX2UC,"Dual-Band / Tri-Mode Sprint PCS Phone w/ Voice Activated Dialing & Bright White Backlit Screen",13
B001AO4OUC,"Motorola i335 Cell Phone Boost Mobile",12
B001DCJAJG,"Motorola V365 no contract cellular phone AT&T",5
B001GQ3DJM,"Nokia 1680 Black Phone (T-Mobile)",2
B0029X7UHC,"Motorola I205 cell phone nextel/Boost",1
B002AS9WEA,"Samsung a167 Prepaid GoPhone (AT&T)",10
B002UHS0UI,"Verizon Wireless Motorola RAZR V3m - Silver",135
B003FCO9XE,"Samsung Smooth Verizon Wireless Prepaid Mobile Cell Camera Phone CDMA",52
B003MW0OIQ,"Samsung a107 Prepaid GoPhone (AT&T)",52
B003XREZ4O,"Samsung Gusto, Black (Verizon Wireless)",13
B004C7NVD0,"Samsung Convoy SCH-U640 Cell Phone Ruggedized PTT 2+ megapixel Camera for Verizon",15
B004GLQTG8,"Samsung R355C Net 10 Unlimited",72
B004H23JXW,"Samsung Focus I917 Unlocked Phone with Windows 7 OS, 5 MP Camera, and Wi-Fi--No Warranty (Black)",119
B004UVR9A4,"Samsung Factor Prepaid Phone (Boost Mobile)",34
B004YBP8EY,"Samsung SA-S5260WESP Cellphone - Unlocked Phone - US Warranty - White",13
B0052OL576,"Motorola Clutch i475 Prepaid Phone (Boost Mobile)",8
B005JGSVCE,"Verizon or PagePlus amsung Haven U320 CDMA Cell Phone Dark Grey New No Contract",54
B005WJJKE6,"Huawei Pinnacle Prepaid Phone (MetroPCS)",20
B006OU39QW,"Verizon Samsung Convoy U660 No Contract Rugged PTT Cell Phone Grey Verizon",93
B006VH79R8,"Samsung Replenish Prepaid Android Phone (Boost Mobile)",34
B00727AODC,"Samsung Focus Flash I677 8GB Unlocked GSM Phone with Windows 7.5 OS, 5MP Camera, GPS, Wi-Fi, Bluetooth and FM Radio - Black",39
B007LU0HU0,"Samsung Replenish SPH-M580 Blue No Contract Sprint Cell Phone",8
B007P736SE,"Samsung Focus i917 GSM 3G Windows Phone 7 Smartphone AT&T New",8
B007X6FFLS,"Samsung a157 GoPhone (AT&T)",128
B008FRL6VC,"Samsung Convoy 2 U660 Verizon CDMA Flip Cell Phone - Black",13
B008P2SUEI,"Samsung Entro Mobile Phone Black | Virgin Mobile",84
B008PAW5EQ,"Samsung U365 Gusto 2 Prepaid Phone (Verizon Wireless, Prepaid)",38
B0096DERAG,"Motorola MC75A Hand Held Computer Windows Mobile 6.5 MC75A8-PYFSWQRA9WR",1
B0096QYH80,"Motorola Droid RAZR M XT907 Verizon Wireless, 8GB, White",179
B009ZC91AY,"Nokia Lumia 920 32GB Unlocked 4G LTE Windows Smartphone w/ PureView Technology 8MP Camera - Black",53
B00A408AF8,"Samsung Galaxy Express, Gray 8GB (AT&T)",8
B00A7F57EM,"Nokia Lumia 822 16GB Windows Phone Black - Verizon",34
B00ACZ0DUA,"Nokia Lumia 920 32GB Unlocked GSM Windows 8 Smartphone w/ Carl Zeiss Optics Camera - Yellow",30
B00B2BYU1Q,"Nokia Lumia 920 32GB Unlocked GSM 4G LTE Windows 8 Smartphone - Red",184
B00B5081MI,"Samsung A157 Unlocked GSM Cell Phone with Internet Browser, 3G Capabilities, SMS & MMS and Speakerphone - Black",24
B00B6SFDHK,"Motorola Droid RAZR HD 16GB XT926 Black - Verizon",60
B00CIF9MJK,"Samsung Galaxy S4 i9500 Factory Unlocked Cellphone, International Version, 16GB, Black",8
B00CKUH92A,"Nokia Lumia 520 Unlocked GSM Windows 8 Touchscreen Smartphone - Yellow",12
B00CQAOIIC,"Nokia Lumia 928, Black 32GB (Verizon Wireless)",200
B00CS2ZWKQ,"Nokia Lumia 925 (RM-893) 4G LTE Windows 8 Smartphone GSM Unlocked",61
B00E45043A,"Nokia Lumia 520 (AT&T Go Phone) No Annual Contract (Discontinued by Manufacturer)",10
B00E6FGSHY,"Samsung Galaxy S4, White Frost 16GB (AT&T)",98
B00E8TGT1S,"Nokia Lumia 520 Quad-Band GSM Unlocked Smartphone - Blue",1
B00E92B88I,"Motorola Moto X (XT1058) 16GB Unlocked GSM 4G LTE Android Phone w/ 10MP Camera - White",411
B00ECAABBC,"Nokia Lumia 1020 RM-877 GSM Unlocked 32GB Windows 8.1 4G LTE Smartphone - Black (International version, No Warranty)",123
B00EKXDL0E,"Samsung Galaxy Mega, Black 16GB (AT&T) (Discontinued by Manufacturer)",120
B00EP2BN00,"Samsung Convoy 3, Gray (Verizon Wireless)",151
B00F2SDM00,"Samsung Galaxy Note 3, Black 32GB (AT&T)",115
B00F2SKPIM,"Samsung Galaxy Note 3, Black 32GB (Verizon Wireless)",346
B00F9RRVUG,"Samsung a157V (AT&T Go Phone) No Annual Contract",147
B00FJ8YCZM,"Samsung Galaxy Note 3, White 32GB (Sprint)",91
B00G9FVHMK,"Samsung Galaxy Mega, Black 16GB (Sprint)",29
B00HWEJJSQ,"Samsung Galaxy S4, White 16GB (Verizon Wireless)",191
B00HWENIUG,"Nokia Lumia Icon, White 32GB (Verizon Wireless)",50
B00I2KY5TM,"Nokia Lumia 928 32GB Unlocked GSM 4G LTE Windows 8 Smartphone - White",4
B00I2KY6LE,"Nokia Lumia 928 32GB Unlocked GSM 4G LTE Windows Smartphone - Black",9
B00I3OIXJU,"Nokia Lumia 521 Pre-paid Phone (T-mobile, Brightspot)",14
B00IDTU8PC,"Samsung Galaxy S4 M919 16GB Unlocked GSM Cell Phone - White Frost",6
B00IEMJYL2,"Samsung Galaxy S4 L720 16GB Sprint CDMA Smartphone - White Frost",41
B00IZ1XA94,"Samsung Galaxy S5, Black 16GB (AT&T)",10
B00JEHJMG8,"Samsung Galaxy S4 16GB SPH-L720 4G LTE Android - Sprint (Blue)",41
B00JH2WPO6,"Samsung ATIV SE, Silver 16GB (Verizon Wireless)",13
B00JS73V2U,"Motorola DROID MAXX, Black 16GB (Verizon Wireless)",91
B00JYR6GGM,"Samsung Gusto 3, Royal Navy Blue (Verizon Wireless Prepaid) - Discontinued by Manufacturer",118
B00K0NS0P4,"Motorola Moto G (1st Generation) Unlocked Cellphone, 8GB, White",10
B00K15Q2B0,"Samsung Galaxy S5 G900A 16 GB 4G LTE (Shimmery White) GSM Unlocked",10
B00KHY09BE,"Samsung Galaxy S5 Active, Ruby Red 16GB (AT&T)",267
B00KM10ITK,"Nokia Lumia 635 8GB Unlocked GSM 4G LTE Windows 8.1 Quad-Core Phone - Black",267
B00L4DXRS4,"Nokia 220 RM-971 Unlocked GSM 850 / 1900 Cell Phone w/ 2MP Camera - Black",55
B00LAEA8E8,"Samsung Galaxy S5 G900v 16GB Verizon Wireless CDMA Smartphone - Shimmery White",209
B00LYRY2AM,"Genuine Nokia C5-03 Unlocked Touch screen Student mobile phone Support wifi Fashionable mobile phone (Blue)",47
B00MWI4KKE,"Motorola Moto X (2nd generation) XT1097 GSM Unlocked Cellphone, 16GB, Black Soft Touch",141
B00N532C1E,"Samsung Galaxy Alpha, Charcoal Black 32GB (AT&T)",52
B00N532DU4,"Samsung Galaxy Mega 2, Brown Black 16GB (AT&T)",50
B00NACK1DG,"Samsung Galaxy Mega 6.3 I527 16GB Unlocked GSM 4G LTE Smartphone w/ 8MP Camera - Black",200
B00NFG57CW,"Nokia Lumia 830 GSM Smartphone, Black - AT&T - No Warranty",40
B00NKR9FT2,"Samsung Galaxy Note 4, Charcoal Black 32GB (Sprint)",10
B00NKR9MJA,"Samsung Galaxy Note 4, Frosted White 32GB (Sprint)",66
B00NMWYA36,"Samsung Galaxy S5 Active G870a 16GB Unlocked GSM Extremely Durable Smartphone w/ 16MP Camera - Titanium Gray",173
B00O15MWOM,"Nokia Lumia 530 White - No Contract (T-Mobile)",117
B00OAW79PS,"Samsung Galaxy S4 SGH-i337 16GB Black Mist (AT&T)",22
B00OEK6TWU,"Samsung Galaxy Note 3 N900A 32GB Unlocked GSM Octa-Core Smartphone w/ 13MP Camera - Black",176
B00OZTSY6Y,"Motorola DROID Turbo XT1254, Black Ballistic Nylon 32GB (Verizon Wireless)",162
B00PA583YA,"Motorola Moto X - 2nd Generation, Football Leather 16GB (Verizon Wireless)",53
B00PI1EZPC,"Samsung Galaxy Note Edge, Charcoal Black 32GB (Sprint)",48
B00Q8NHBWI,"Samsung Galaxy Note Edge SM-N915T 32GB for T-Mobile (Certified Refurbished)",39
B00QQPNYZ6,"Motorola Moto E Prepaid Phone (Net10)",25
B00SIB3HS0,"Samsung Galaxy S4 M919 16GB Unlocked GSM 4G LTE Quad-Core Smartphone - White Frost",9
B00TRLXO6U,"Nokia Lumia 928 32GB Unlocked GSM 4G LTE Windows Smartphone w/ 8MP Carl Zeiss Optics Camera - Black",23
B00U8F1F1A,"Motorola Nexus 6 XT1103 32GB 3G/4G LTE Factory Unlocked Cell Phone (Midnight Blue)",57
B00U8KT62A,"Samsung Galaxy S6 SM-G920F Factory Unlocked Cellphone, International Version, No Warranty 32GB, Gold",50
B00UA8JZA8,"Samsung Galaxy S6 G920F Unlocked Cell Phone - International Sourced Version - White Pearl",25
B00UZ7QJ6W,"Samsung Galaxy S4 Mini I257 16GB Unlocked GSM 4G LTE Android Smartphone w/ 8MP Camera - Black Mist",26
B00V7FWBZY,"Samsung Galaxy S6, Black Sapphire 32GB (Sprint)",10
B00V7FWEX8,"Samsung Galaxy S6 G920P 64GB Black (Sprint)",16
B00V7FWPVO,"Samsung Galaxy S6, Gold Platinum 64GB (Sprint)",10
B00V7FWWA8,"Samsung Galaxy S6 Edge, White Pearl 64GB (Sprint)",193
B00V7FWZVY,"Samsung Galaxy S6 Edge, Black Sapphire 32GB (Sprint)",12
B00VGYOY38,"Samsung Galaxy S6 G920 32GB GSM Unlocked International Smartphone, Black Sapphire",60
B00VH2TWBS,"Samsung GALAXY S6 G920 32GB Unlocked GSM 4G LTE Octa-Core Smartphone - Black Sapphire",82
B00WF988BW,"Samsung Convoy 3 SCH-U680 Rugged 3G Cell Phone Verizon Wireless",119
B00WHE2WCG,"Samsung Galaxy S6 G920A 32GB Unlocked GSM 4G LTE Octa-Core Android Smartphone with 16MP Camera - Black Sapphire",138
B00WHE2WVM,"Samsung Galaxy S6 Unlocked SM-G920A GSM Smartphone, White Pearl, 32GB",86
B00WIYFBWI,"Samsung Galaxy S6 Edge G925F 32GB Unlocked Phone - Retail Packaging - Black Sapphire",3
B00XBCUOB4,"Apple iPhone 6, GSM Unlocked, 128GB - Space Gray (Renewed)",4
B00XQVDW6Y,"Motorola Moto E LTE - No Contract Phone (U.S. Cellular)",28
B00YAE9DXM,"Samsung J1 Smartphone (Carirer Locked to Verizon LTE Prepaid)",79
B00YD5400Y,"Apple iPhone 5S 16GB GSM Unlocked, Space Gray (Renewed)",10
B00YD547Q6,"Apple iPhone 6, GSM Unlocked, 16GB - Space Gray (Renewed)",10
B00YD54GG2,"Apple iPhone 6 Plus, 16GB, Gold - For AT&T / T-Mobile (Renewed)",167
B00YD54J8W,"Apple iPhone 6 Plus, GSM Unlocked, 16GB - Space Gray (Renewed)",212
B00YD54KJK,"Apple iPhone 6 Plus, GSM Unlocked, 64GB - Gold (Renewed)",10
B00YD7GOPQ,"Apple iPhone 5S, T-Mobile, 16GB - Space Gray (Renewed)",18
B00YD7J52U,"Apple iPhone 6 Space Gray 16GB Verizon Smartphone (Renewed)",21
B00YW7L830,"Samsung Galaxy Note 3 N900v 32GB Verizon Wireless CDMA Smartphone - White (Certified Refurbished)",181
B00ZE8HRYK,"Samsung Galaxy S6 Active, 32 GB , Grey (AT&T)",107
B010CK8O9Q,"Sony Xperia Z3 Plus E6533 32GB Black 3G/4G, Dual SIM Unlocked Factory 4G LTE - International Version No Warranty",2
B010V43VFA,"Sony Experia Z3+ 4G LTE Unlocked 32GB Octa Core 3GB RAM E6553 (LTE USA Latin Caribbean Europe) Waterproof 23 MP No Warranty (White)",12
B011AC4U7A,"Samsung Galaxy S6 G920T 32GB Unlocked GSM 4G LTE Octa-Core Android Smartphone w/ 16MP Camera - Black",61
B0134TVCHI,"Samsung Galaxy S6 Edge+, Black 32GB (Sprint)",83
B013IP8IKM,"Sony Xperia E1 D2004 Unlocked GSM 4" Android Dual-Core Smartphone - Black"",8
B013XAPPIK,"Samsung Galaxy Note 5, Black  32GB (Verizon Wireless)",288
B014KI1XL2,"Apple iPhone 6, GSM Unlocked, 16GB - Space Gray (Renewed)",7
B014V5XDV2,"Samsung Galaxy S6 G920v 32GB Verizon Wireless CDMA Smartphone - Gold Platinum (Renewed)",25
B014Z8HDWU,"Apple iPhone 6, GSM Unlocked, 64GB - Space Gray (Renewed)",97
B01595SI9U,"Samsung Galaxy Note 4 N910a 32GB GSM Unlocked Smartphone Charcoal Black (Renewed)",227
B015ROR4PC,"Motorola Droid Turbo - 32GB Android Smartphone - Verizon - Gray (Renewed)",15
B015YCRZ1K,"Huawei Nexus 6P Unlocked Smartphone, 64GB, US Warranty (Graphite)",10
B016X075F8,"Samsung Galaxy S5 SM-G900T -16GB Black + GSM Unlocked (Renewed)",89
B016X1ZXNS,"Samsung Galaxy S4 I337 16GB 4G LTE Unlocked GSM Smartphone - White (Renewed)",26
B0182MA8UY,"Samsung Galaxy S6 G920T 32GB T-Mobile/GSM Unlocked Phone (Renewed) (Gold)",5
B018OMP8ES,"Samsung Galaxy Note 5 SM-N920V Gold 32GB (Verizon Wireless)",288
B0192TCZWA,"Motorola DROID Turbo 2, XT1585 32GB Black, Unlocked (Verizon Wireless)",187
B019BH7V0O,"Motorola Moto G3 Turbo Edition XT1557 4G LTE Dual SIM 16GB Factory Unlocked No Warranty Octacore Water Resistant",2
B019S654DO,"Samsung Galaxy S4 16GB Black SPH-L720T Tri-Band (Boost Mobile)",38
B01AL0WL46,"Samsung Galaxy Grand Prime - T-Mobile GSM Quad-Core Android Phone w/ 8MP Camera - Gray",32
B01ATTBXY8,"Motorola Droid Turbo - 32GB Android Smartphone - Verizon - Black (Renewed)",87
B01B93KLUU,"Samsung Galaxy Note 3 SM-N900T (32 GB, T-Mobile)",39
B01BHEBDVW,"Motorola Droid Maxx 2 XT1565 16 GB Verizon Phone w/ 21 MP Rear Camera - White (Renewed)",8
B01BI2XQ5O,"Apple iPhone 6 16 GB Unlocked, Gold (Renewed)",155
B01C5OIINO,"Samsung Galaxy S7 Edge SM-G935F 32GB (GSM Only, No CDMA) Factory Unlocked 4G/LTE Single SIM Smartphone (Black Onyx)",23
B01C62I49I,"Apple iPhone 6, 64GB, Silver - GSM Unlocked (Renewed)",10
B01CJ3SCCI,"Samsung Galaxy S7 Edge, 5.5" 32GB (Verizon Wireless) - Black"",59
B01CJ3SCJ6,"Samsung Galaxy S7 32GB Unlocked (Verizon Wireless) - Gold",106
B01CJ3SCN2,"Samsung Galaxy S7, Black 32GB (Verizon Wireless)",85
B01CJ3SF02,"Samsung Galaxy GS7 Edge, Gold 32GB (Verizon Wireless)",20
B01CJU9126,"Samsung Galaxy S7 G930F 32GB Factory Unlocked GSM Smartphone - International Version - Titanium Silver",95
B01CN1RZY2,"Samsung Galaxy Note 5 SM-N920T 64gb - Unlocked Cellphone GSM - Platinum Gold (T - Mobile)",11
B01COSAKMI,"Huawei Mate 8 NXT-L09 32GB 6-Inch 4G LTE Factory Unlocked Smartphone - International Stock No Warranty (Space Gray)",14
B01CP4CGCI,"Samsung Galaxy GS7 Edge, Black 32GB (Sprint)",8
B01CP4CGTQ,"Samsung Galaxy S7 G930P 32GB, Black Onyx - Sprint",18
B01CR1FQMG,"Apple iPhone 6S, GSM Unlocked, 64GB - Rose Gold (Renewed)",10
B01CR2IA6Y,"Apple iPhone 6S, GSM Unlocked, 16GB - Space Grey (Renewed)",187
B01CYYYRNK,"Samsung Galaxy S7 SM-G930A AT&T Unlocked Smartphone, (Black Onyx)",176
B01D0JV7AO,"Samsung Galaxy S6 SM-G920V 32GB Sapphire Black Smartphone for Verizon (Renewed)",10
B01D0K1XUM,"Samsung Galaxy S6 SM-G920V 32GB White Smartphone for Verizon (Renewed)",10
B01D4GDARQ,"Samsung Galaxy S7 Edge Smartphone - GSM Unlocked - 32 GB - No Warranty - Gold",35
B01D52K8DI,"Samsung Galaxy S6 SM-G920A 32GB Sapphire Black Smartphone for AT&T (Renewed)",41
B01D56C50I,"Samsung Galaxy S7 SM-G930F 32GB Unlocked GSM 4G/LTE Smartphone - Gold (International version, No Warranty)",6
B01DC1ZM0Q,"Apple iPhone 6S, AT&T, 64GB - Gold (Renewed)",2
B01DUPOOMG,"Samsung Galaxy S6 G920P 32GB Black Boost Mobile Smartphone",15
B01DZJFWWS,"Moto G (4th Gen.) Unlocked - Black - 32GB",10
B01DZJFWXC,"Moto G Plus (4th Gen.) Unlocked - White - 64GB - U.S. Warranty",10
B01E7FK14S,"Samsung Galaxy J3 Express Prime 2 SM-J327A 4G LTE 7.0 Nougat 5" Smartphone (AT&T) - Black"",25
B01E7JU3KG,"Samsung Galaxy Core Prime, Charcoal Grey 8GB (Verizon ) (Renewed)",6
B01EVMZMZU,"Apple iPhone 6 Plus, 16GB, Silver - For AT&T / T-Mobile (Renewed)",24
B01F482BTK,"Samsung Galaxy S7 G930A 32GB Black Onyx - Unlocked GSM (Renewed)",216
B01F4889GE,"Samsung Galaxy S7 G930A 32GB Gold Platinum - Unlocked GSM (Renewed)",216
B01FCFZS3G,"Samsung Galaxy S7 Edge G935A 32GB AT&T - Black Onyx",62
B01FCR0GOK,"Samsung Galaxy S6 Active G890A 32GB 16MP Camera Unlocked GSM 4G LTE Octa-Core Smartphone, Blue",21
B01FIW1B9S,"Samsung Galaxy S7 G930T 32GB T-Mobile - Black",160
B01FJT7E0A,"Sony Xperia XA F3113 16GB GSM Android v6.0 Phone - Graphite Black",188
B01FJT7E3M,"Sony Xperia XA Ultra unlocked smartphone,16GB White (US Warranty)",249
B01FJT7MZC,"Sony Xperia X Performance F8131 32GB Unlocked GSM LTE Android Phone w/ 23MP Camera - Black",59
B01FJT7N4W,"Sony Xperia X F5121 32GB GSM 23MP Camera Phone - Graphite Black",110
B01GP2XIJQ,"Samsung Galaxy Amp 2 - Cricket",6
B01GQWT4SE,"Samsung Express 3 J120a 4G LTE Unlocked GSM (White)",118
B01GXAT0CE,"Apple iPhone SE, 16GB, Rose Gold - For AT&T / T-Mobile (Renewed)",225
B01GXAZFR8,"Apple iPhone SE, 64GB, Space Gray - For AT&T / T-Mobile (Renewed)",105
B01H93TCCM,"Samsung Galaxy S7 Active SM-G891A 32GB Sandy Gold No-Contract AT&T",15
B01HFD0XJM,"Samsung Galaxy S7 Edge unlocked smartphone, 32 GB Silver (US Warranty - Model SM-G935UZSAXAA)",143
B01HQTL47A,"Samsung G920A Galaxy S6 32GB, Black Saphire (Renewed)",2
B01HU2C224,"Samsung Galaxy S7 G930V 32GB, Verizon, Gold Platinum, Unlocked Smartphones (Renewed)",25
B01HW6GRL0,"Samsung Galaxy S7 Active G891A 32GB Unlocked GSM Shatter,Dust and Water Resistant Smartphone w/ 12MP Camera - Camo Green",28
B01I0HP1Z8,"Samsung Galaxy S6 G920T Unlocked GSM 4G LTE Smartphone w/ 16MP Camera - White Pearl",30
B01INN9D0I,"Samsung Galaxy S6 SM-G920V 64GB Sapphire Black Smartphone For Verizon (Renewed)",20
B01INRGCV2,"Samsung Galaxy Note5 N920V 32GB Verizon CDMA No-Contract Smartphone - Black Sapphire (Renewed)",97
B01INV912A,"Motorola G4 16GB Smartphone",1
B01IVV7W8M,"Huawei Honor 8 Unlocked Smartphone 32 GB Dual Camera - US Warranty (Sapphire Blue)",10
B01J63O3KY,"Samsung GS6 5.1" Certified Pre-Owned Carrier Locked Phone - 32GB - White (Verizon)"",1
B01J6MS6Z8,"Samsung Galaxy S7 SM-G930F 32GB Factory Unlocked GSM 4G LTE Single Sim Smartphone (Black)",6
B01J8C50TQ,"Samsung Galaxy Sol 4G LTE Unlocked 8GB Memory Cell Phone 5" Quad Core SM-J321AZ"",5
B01JAWXOO2,"Apple iPhone 6S Plus, 16GB, Gold - For AT&T / T-Mobile (Renewed)",10
B01K5QLD5E,"Samsung Galaxy S6 G920A 64GB Unlocked GSM 4G LTE Octa-Core Android Smartphone w/ 16MP Camera - Gold",4
B01K5RGPIS,"Samsung Galaxy S6 G920A 64GB Unlocked GSM 4G LTE Octa-Core Android Smartphone with 16MP Camera - Black Sapphire",30
B01KS3IAUK,"Samsung Galaxy S7 Edge SM-G935 Unlocked (Latest Model) - 32GB - Silver Titanium",6
B01L1BOQT2,"Apple iPhone SE, 64GB, Rose Gold - For AT&T / T-Mobile (Renewed)",158
B01L1BOQTW,"Apple iPhone SE, 64GB, Gold - For AT&T / T-Mobile (Renewed)",73
B01L9D7J00,"Samsung Convoy 4 B690 Rugged Water-Resistant Verizon Flip Phone w/ 5MP Camera - Blue",50
B01LACBLEK,"Sony Xperia X Compact - Unlocked Smartphone - 32GB - Mist Blue (US Warranty)",176
B01LWICBLN,"Apple iPhone 6S Plus, GSM Unlocked, 32GB - Space Gray (Renewed)",12
B01LYMY88F,"Samsung Galaxy S6 Edge Plus SM-G928V 32GB Gold Smartphone for Verizon (Renewed)",5
B01LYRCMAB,"Samsung Galaxy C7 C7000 32GB 5.7" GSM Unlocked Cellphone (Pink) - International Version No Warranty"",19
B01LZ2SO4L,"Google Pixel Phone 128 GB - 5 inch Display (Factory Unlocked US Version) (Quite Black)",228
B01M01YX15,"Google Pixel Phone - 5 inch display (Factory Unlocked US Version) (32GB, Quite Black)",116
B01M1CTCO0,"Google Pixel XL Phone 128GB - 5.5 inch Display (Factory Unlocked US Version) (Very Silver)",81
B01M1HY1E3,"Sony Xperia XZ F8331 32GB Unlocked GSM 4G LTE Phone w/ 23MP Camera - Mineral Black",134
B01M4HGVJ7,"Samsung Galaxy S7 32GB G930T - T-Mobile Locked - Black Onyx (Renewed)",205
B01M7O431L,"Samsung S7 EDGE G935V 32GB, Verizon/GSM Unlocked, Silver Titanium (Renewed)",149
B01MDMJGYT,"Motorola MOTO Z PLAY (XT1635) Factory Unlocked Phone - 5.5" Screen - 32GB - Black (International Version - No Warranty)"",110
B01MFDM6QE,"Motorola Moto G4 Play (4th Generation) 16GB Unlocked Smartphone for GSM Carriers Worldwide - Black",38
B01MQWFFM3,"APPLE iPhone 6S UNLOCKED - 16GB, Gold (Renewed)",3
B01MR0IA4O,"Apple iPhone 6S, 64GB, Rose Gold - For AT&T (Renewed)",10
B01MRH0YND,"Apple iPhone 6, AT&T, 16GB - Space Gray (Renewed)",310
B01MSEPCPU,"Apple iPhone 7, 128GB, Rose Gold - For AT&T / T-Mobile (Renewed)",83
B01MT57AVU,"Samsung Galaxy S7 G930T T-Mobile Unlocked GSM 4G LTE Smartphone w/ 12MP Camera - Gold (Renewed)",19
B01MUTETGP,"Apple iPhone 7 Plus, GSM Unlocked, 256GB - Rose Gold (Renewed)",26
B01MY2FEAS,"Samsung Galaxy Note 5 N920T 32GB - White (T-Mobile)",7
B01MY4DGA7,"Samsung Galaxy S7-4G LTE T-Mobile - 32GB Smartphone - Black Onyx (Renewed)",29
B01N02G1C9,"Apple iPhone 6 Plus, AT&T, 128GB - (Renewed)",3
B01N0AOOK1,"Apple iPhone 6 Plus, AT&T, 16GB - Silver (Renewed)",16
B01N1Q6V7K,"Samsung J3 - Verizon Prepaid",29
B01N1SCZ86,"Samsung Galaxy S6 SM-G920T 64GB Gold Smartphone for T-Mobile (Renewed)",40
B01N2YQQW7,"Samsung Galaxy Note 5 N920T 64GB Black Sapphire - T-Mobile",9
B01N4E0RF1,"Samsung Galaxy S7 - Black - 32GB - Verizon (Renewed)",116
B01N4S65YE,"Samsung Galaxy S6 G920T 32GB Gold - T-Mobile (Renewed)",40
B01N4VFJAX,"Samsung Galaxy Note 4 N910P 32GB Charcoal Black - Sprint (Certified Refurbished)",3
B01N5BOBIF,"Google Pixel, 5" 32GB (Verizon Wireless) - Black"",20
B01N5OQDIK,"Samsung Galaxy On5, No Contract, Tracfone Locked Smartphone, Black",13
B01N5WQ2P4,"Samsung Galaxy Note 4 N910P 32GB Frosted White - Sprint (Renewed)",6
B01N6YAP98,"Apple iPhone 7, 32GB, Black - For AT&T / T-Mobile (Renewed)",10
B01N6ZAR0D,"Apple iPhone 7 Plus, 32GB, Rose Gold - For AT&T / T-Mobile (Renewed)",10
B01N9VG61T,"Motorola Moto Z Play Droid XT1635 32GB Black/Silver Verizon Wireless",9
B01N9XOXCK,"Samsung Galaxy S7 Edge G935V 32GB Gold - Verizon (Renewed)",149
B01N9YO1DS,"Apple iPhone 7, 128GB, Gold - For AT&T / T-Mobile (Renewed)",22
B01N9YOVME,"Samsung Galaxy S7 ACTIVE G891A 32GB Unlocked GSM Shatter-Resistant, Extremely Durable Smartphone w/ 12MP Camera - Sandy Gold (Renewed)",111
B01NAZJYO5,"Samsung Galaxy S6, G920P Black Sapphire 32GB - Sprint (Renewed)",44
B01NB1IGR8,"Samsung Galaxy Note 5 32GB N920P Sprint - Sapphire Black (Renewed)",42
B01NBZDKGJ,"Samsung Galaxy S7 G930P 32GB Black Onyx - Sprint (Renewed)",54
B01NC2MEJP,"Samsung Galaxy Note 5 32GB GSM Unlocked - Black (Renewed) (D132)",107
B01NH5HCGZ,"Motorola Moto Z Droid Edition XT1650-01 Gold/White 32GB - Verizon (Renewed)",50
B06VW5FVLB,"Samsung SM-G900V - Galaxy S5-16GB Android Smartphone Verizon - Black (Renewed)",111
B06W2M6RT2,"Samsung Galaxy S7 Edge G935P 32GB Silver - Sprint (Renewed)",19
B06W9L7YJM,"Samsung SM-G900V - Galaxy S5 - 16GB Android Smartphone Verizon - Gold (Renewed)",111
B06WWR3T5B,"Samsung Galaxy S6 G920T 32GB White Pearl - T-Mobile (Renewed)",11
B06X9FGTMN,"Apple iPhone 7 Plus 128GB Unlocked GSM 4G LTE Quad-Core Smartphone w/ Dual 12MP Camera - Black (Renewed)",28
B06X9FL2PW,"Apple iPhone SE 16GB GSM Unlocked Phone - Rose Gold (Renewed)",17
B06X9HVVC5,"Sony Xperia XA1 G3123 32GB Unlocked GSM LTE Octa-Core Phone w/ 23MP Camera - White",119
B06X9WY6P6,"Apple iPhone SE 16GB GSM Unlocked Phone - Space Gray (Renewed)",14
B06X9XVGY9,"Apple iPhone SE, 16GB, Silver - Unlocked (Renewed)",9
B06XD2NLFS,"Motorola Moto Z Play (XT1635) 32GB GSM Unlocked Android Smartphone, Black (Renewed)",9
B06XHV6HWL,"Samsung Galaxy S6 G920A 64GB Unlocked GSM - Gold (Renewed)",3
B06XR1K6HR,"Apple iPhone 6s Plus 64GB Unlocked GSM 4G LTE Phone - Rose Gold (Renewed)",37
B06XR2D5S1,"Apple iPhone 7 256GB Unlocked GSM Quad-Core Phone - Black (Renewed)",8
B06XRG6S73,"Apple iPhone 6S 16GB, Rose Gold Smartphone - GSM Unlocked (Renewed)",82
B06XRGN22N,"Apple iPhone 6 16GB Unlocked GSM Phone w/ 8MP Camera - Space Gray (Renewed)",41
B06XRJQX91,"Apple iPhone 6s 64GB Unlocked GSM 4G LTE Dual-Core Phone w/ 12 MP Camera - Rose Gold (Renewed)",73
B06XRJXL3R,"Apple iPhone 7 Plus 256GB Unlocked GSM Quad-Core Phone - Black (Renewed)",10
B06XS2GWFC,"Samsung Galaxy J7 - Verizon Carrier Locked No Contract Prepaid Smartphone",201
B06XS2X4XL,"Apple iPhone 7 Plus 32GB Unlocked GSM Phone - Rose Gold (Renewed)",26
B06XS4978K,"Apple iPhone 7 Plus 32GB Unlocked GSM 4G LTE Quad-Core Smartphone - Black (Renewed)",11
B06XS98LMS,"Samsung G550T GSM 4G LTE Unlocked Galaxy ON5 Smartphone",24
B06XSF5C42,"Samsung Galaxy S7 Edge 32GB G935A GSM Unlocked (Renewed) (Black)",75
B06XW9RMYW,"Samsung Galaxy S7 Active G891A 32GB Unlocked GSM Shatter,Dust and Water Resistant Smartphone w/ 12MP Camera (AT&T) - Sandy Gold",42
B06XY3KMSP,"Samsung Galaxy Note 4 N910v 32GB Verizon Wireless CDMA Smartphone - Charcoal Black (Renewed)",28
B06XYMCMHD,"Samsung Galaxy S8 SM-G950F Unlocked 64GB - International Version/No Warranty (GSM Only, No CDMA) (Midnight Black)",50
B06XZPNYL7,"Samsung Galaxy S8 64GB GSM Unlocked Phone - International Version (Orchid Gray)",12
B06XZPS351,"Samsung Galaxy S8+ 64GB Phone- 6.2" display - AT&T Unlocked (Midnight Black)"",39
B06XZRH5ZC,"Samsung Galaxy S8 64GB Unlocked Phone - International Version (Maple Gold)",42
B06XZRMD1J,"Samsung Galaxy S8 64GB Unlocked Phone - US Version (Arctic Silver)",8
B06XZRZ12Q,"Samsung Galaxy S7 G930T T-Mobile Unlocked GSM 4G LTE Smartphone w/ 12MP Camera - Black (Renewed)",14
B06XZWNRC5,"Samsung Galaxy S8+ SM-G955U 64GB Arctic Silver AT&T",4
B06Y14T5YW,"Samsung Galaxy S8 64GB Factory Unlocked Smartphone - US Version (Midnight Black) - US Warranty - [SM-G950UZKAXAA]",10
B06Y15D68F,"Samsung Galaxy S8 64GB Unlocked Phone - US Version (Orchid Gray)",9
B06Y15D6RP,"Samsung Galaxy S8+ 64GB Unlocked Phone - 6.2" Screen - International Version (Coral Blue)"",24
B06Y16521Q,"Samsung Galaxy S8+ 64GB Phone -6.2" display - AT&T Unlocked (Arctic Silver)"",39
B06Y16RL4W,"Samsung Galaxy S8+ 64GB Factory Unlocked Smartphone - 6.2" Screen - US Version (Midnight Black) - US Warranty [SM-G955UZKAXAA]"",282
B06Y189H68,"Samsung Galaxy S8 64GB Phone- 5.8" display - AT&T Unlocked (Midnight Black)"",32
B06Y1N3RH7,"Apple iPhone 7 AT&T, Gold, 128 GB (Renewed)",2
B06Y3KRV1W,"Samsung Galaxy S8+, 6.2" 64GB (Verizon Wireless) - Arctic Silver"",33
B06ZZVZKTR,"Motorola Moto E (4th Gen.) XT1764 16GB Unlocked GSM LTE Android Phone w/ 8MP Camera - Black",153
B0714DBSNH,"Verizon Motorola Moto E4 Plus Carrier Locked Prepaid Phone",14
B071HYPM5D,"Apple iPhone 5S, GSM Unlocked, 16GB - Space Gray (Renewed)",39
B071JP8XDJ,"Sony Xperia XA1 Ultra G3223 32GB Unlocked GSM LTE Octa-Core Phone w/ 23MP - Gold",123
B071KGKFTF,"Samsung Galaxy S6 Edge Plus SM-G928T 32GB for T-Mobile (Renewed)",8
B071KGTRG8,"Samsung Galaxy J7 4G LTE 5" 16 GB GSM Unlocked - Black"",13
B071P9HZWW,"Apple iPhone 6S, 32GB, Space Gray - For AT&T/T-Mobile (Renewed)",10
B071P9NHSN,"Samsung Galaxy S5 G900A 16GB Unlocked GSM 4G LTE Quad-Core Smartphone 16MP Camera (Renewed) (Black)",39
B071VTYHDQ,"Verizon Motorola Moto E4 Prepaid Phone - Carrier Locked to Verizon Prepaid",24
B071XBFSPN,"Samsung Galaxy S8 SM-G950U 64GB Gray T-Mobile Smartphone -Very Good",5
B071ZDQ6MV,"Nokia 6 - 32 GB - Dual Sim Unlocked Smartphone (AT&T/T-Mobile/Metropcs/Cricket/Mint) - Update To Android 9.0 PIE - 5.FHD Screen - Blue - U.S. Warranty",262
B071ZN4K8V,"Google Pixel XL, Quite Black 32GB - Verizon + Unlocked GSM (Renewed)",358
B0721KVTMC,"Samsung Galaxy Note 5 SM-N920T 32GB Platinum Gold - T-Mobile Unlocked GSM",14
B0722NN2RG,"Samsung Galaxy S7 G930A 32GB Black Onyx - Unlocked GSM",35
B0728HMXFD,"Apple iPad Mini 4 64gb Space Gray (Renewed)",118
B072B7XSVT,"Google Pixel 1st Gen 32GB Factory Unlocked GSM/CDMA Smartphone for AT&T + T-Mobile + Verizon Wireless + Sprint (Quite Black)",12
B072JN1H1X,"Samsung SM-J327 Galaxy J3 Mission 5" Prepaid Carrier Locked - 16 GB - Black (Verizon)"",32
B072KNNF33,"Samsung Galaxy S7 32GB G930A - AT&T Locked - Black Onyx (Renewed)",72
B072MQRRTR,"Samsung Galaxy S8 64GB SM-G950U Midnight Black - Sprint (Renewed)",4
B072N19DZR,"Router Hotspot Huawei E5573Cs-609 4G LTE Unlocked GSM (LTE in AT&T Europe Asia Middle East Africa Some South America Countries ) E5573Cs",7
B072V2BNM6,"Samsung Galaxy J3 Prime J327A 16GB 4G LTE 7.0 Nougat 5" GSM Unlocked - Silver"",123
B072ZWCKP5,"Motorola XT1775 Moto E Plus (4th Gen.) 32GB Unlocked Fine Gold Smartphone",166
B0731HBTZ7,"Apple iPhone 7 32GB, Rose Gold (Renewed)",68
B0731JJCRZ,"Apple iPhone 6S, 32GB, Rose Gold - For AT&T / T-Mobile (Renewed)",38
B0731KVYPN,"Google Pixel GSM Unlocked (Renewed) (128GB, Silver)",21
B0731XJ4FB,"Samsung Galaxy S7 Edge 32GB G935T for T-Mobile - Blue Coral (Renewed)",36
B0733FPPDG,"Samsung Galaxy S7 Edge G935A 32GB Blue Coral - Unlocked GSM (Renewed)",80
B073SBYMK7,"Motorola Moto Z2 Play XT1710 (64GB) Dual SIM GSM Factory Unlocked US & Global 4G LTE Bands - Dark Gray",67
B0744W8WB2,"Apple iPad Mini 4 16gb Space Gray (Renewed)",15
B074P5FMG5,"Sony Xperia XZ1 Factory Unlocked Phone - 5.2" Full HD HDR Display - 64GB - Warm Silver (U.S. Warranty)"",41
B074TD2H5K,"Motorola Moto G5 Plus (XT1685) 4GB / 32GB 5.2-inches Dual SIM Factory Unlocked - International Stock No Warranty (Lunar Gray)",1
B074VFRKZG,"Motorola Moto X4 Factory Unlocked Phone - 32GB - 5.2" - Super Black - PA8S0006US"",75
B074XF6JCD,"Motorola Moto Z2 Force XT1789 64GB ATT only (Super Black)",4
B0751RGH6W,"Apple iPhone SE, 32GB, Space Gray - For AT&T / T-Mobile (Renewed)",39
B0751TDNM3,"Apple iPhone SE, 32GB, Silver - For AT&T / T-Mobile (Renewed)",25
B07536MYBQ,"Samsung Galaxy Note8 N950U 64GB Unlocked GSM LTE Android Phone w/ Dual 12 Megapixel Camera - Midnight Black",254
B0753QKW5L,"Samsung Galaxy Tab E 8in 16GB 4G LTE AT&T Unlocked Android 5.1.1 Lollipop (Renewed)",11
B0757B64H2,"Nokia 105 [2017] TA-1037 Dual-Band (850/1900) Factory Unlocked Mobile Phone Black no warranty (Black)",38
B075FKVJV3,"Nokia 2 - Android 7.0 Nougat - 8GB - Dual SIM Unlocked Smartphone (AT&T/T-Mobile/MetroPCS/Cricket/Mint) - 5" Screen - White - U.S. Warranty"",149
B075FL4H89,"Nokia 3310 3G - Unlocked Single SIM Feature Phone (AT&T/T-Mobile/MetroPCS/Cricket/Mint) - 2.4 Inch Screen - Charcoal",155
B075FTXP6G,"Apple iPhone 7 Plus, GSM Unlocked, 256GB - (Renewed)",7
B075FW7GZV,"Apple iPhone SE, 32GB, Rose Gold - Fully Unlocked (Renewed)",29
B075H3VWGN,"Samsung Galaxy S7 G930T 32GB T-Mobile Unlocked - Black",11
B075MSFBJY,"Samsung Galaxy S7 SM-G930T - 32GB - GSM Unlocked - Gold Platinum (Renewed)",12
B075MSP5LH,"Samsung Galaxy S7 SM-G930T - 32GB - GSM Unlocked - Black Onyx (Renewed)",66
B075SKYZXY,"Motorola Moto Z2 Force XT1789 64GB Lunar Gray T-Mobile",28
B075WDMQG5,"Samsung Galaxy S7 G930 Unlocked GSM 4G LTE Smartphone w/12MP Camera - Platinum Gold (Renewed)",6
B075WXQBRD,"Apple iPhone 7, AT&T, 128GB - Red (Renewed)",4
B075ZD2WFN,"Samsung Galaxy S8+ G955U 64GB Unlocked GSM U.S. Version Smartphone w/ 12MP Camera - Orchid Gray",5
B075ZGJMQY,"Samsung Galaxy Note 8 64GB Unlocked GSM LTE Android Phone w/ Dual 12 Megapixel Camera - Midnight Black",33
B075ZHJ1SK,"Samsung Galaxy S8+ G955U 64GB T-Mobile GSM Smartphone w/ 12MP Camera - Arctic Silver",1
B075ZHWDN2,"Samsung Galaxy S8+ G955U 64GB Unlocked GSM U.S. Version Phone w/ 12MP Camera - Midnight Black",5
B0764JKDWS,"Apple iPhone 6S Factory Unlocked Cellphone w/ 1 YEAR EXTENDED CPS LIMITED WARRANTY (Renewed) (Rose Gold (16Gb))",2
B0766GHWM6,"Google Pixel 2 64GB Unlocked GSM/CDMA 4G LTE Octa-Core Phone w/ 12.2MP Camera - Just Black",77
B0766HPGYP,"Google Pixel 2 128GB Unlocked GSM/CDMA 4G LTE Octa-Core Phone w/ 12.2MP Camera - Just Black",77
B0767538YH,"Google Pixel 2 XL 128GB Unlocked GSM/CDMA 4G LTE Octa-Core Phone w/ 12.2MP Camera - Just Black",56
B07684BWYW,"Apple iPhone 6, AT&T, 64GB - (Renewed)",8
B076BVNGZQ,"Nokia 3310 TA-1036 Unlocked GSM 3G Android Phone - Charcoal",3
B076CS3X2X,"Samsung Galaxy Note 8 SM-N950U 64GB Midnight Black AT&T",12
B076HVSJQR,"Samsung Galaxy S8 Orchid Gray 64GB Verizon and GSM Factory Unlocked 4G LTE (Renewed)",10
B076M93C6B,"Samsung Galaxy S6 G920T 64GB Unlocked GSM (T-Mobile) 4G LTE Octa-Core Smartphone w/ 16MP Camera - White",61
B076M9RQJ2,"Samsung Galaxy S8 64GB Phone - 5.8in Unlocked Smartphone - Midnight Black (Renewed)",35
B076MB4CYN,"Google Pixel 32GB Phone, Very Silver, 5" (Renewed)"",7
B076QJZR5V,"Samsung Galaxy J3 Verizon Wireless Black (Renewed)",5
B076QKMQ81,"Google GA00139-US Pixel 2 64GB Just Black Verizon Wireless Smartphone",12
B076XLLCQC,"Samsung Galaxy Note 8 N950 Factory Unlocked Phone 64GB Midnight Black (Renewed)",250
B0774T8DC6,"Apple iPhone SE, 16GB, Space Gray - For AT&T / T-Mobile (Renewed)",54
B07751XZ5F,"Apple iPhone 8 Plus, 256GB, Space Gray - For AT&T / T-Mobile (Renewed)",48
B07752FPVQ,"Apple iPhone 8 Plus, GSM Unlocked, 64GB - Gold (Renewed)",153
B07753NSQZ,"Apple iPhone 8, GSM Unlocked, 256GB - Space Gray (Renewed)",17
B077578VXH,"Apple iPhone 8, GSM Unlocked, 64GB - Gold (Renewed)",7
B07757NY3X,"Apple iPhone 8 256GB Unlocked GSM Phone - Silver (Renewed)",17
B077583FPX,"Apple iPhone 8, 64GB, Space Gray - for AT&T/T-Mobile (Renewed)",10
B077596D7L,"Apple iPhone X, 256GB, Space Gray - For AT&T/T-Mobile (Renewed)",142
B0775FLHPN,"Apple iPhone 8 Plus, GSM Unlocked, 64GB - Space Gray (Refurbished)",153
B0776ZJ1C3,"Modem Huawei USB 3G H+ GSM Unlocked K4605 (E372) USA Latin & Caribbean Europe Bands 850/900/1900 mhz BAM",2
B07772QJ2G,"Samsung Galaxy Note 8 SM-N950U 64GB Orchid Gray T-Mobile - Renewed",20
B07773H2VQ,"Samsung Galaxy Note 8 SM-N950U 64GB Midnight Black AT&T Unlocked - Renewed",21
B0777V5BRJ,"Samsung Galaxy Note 5 SM-N920T 32GB T-Mobile GSM Unlocked - Sapphire Black",14
B0778XYWD3,"Apple iPhone 6 Plus, 16GB, Gold - Fully Unlocked (Renewed)",8
B077BSYGB5,"Apple iPhone 6 Plus, 16GB, Space Gray - For AT&T / T-Mobile (Renewed)",15
B077NK4TZ7,"Apple iPhone 7 256GB Unlocked GSM 4G LTE Quad-Core Smartphone - Rose Gold (Renewed)",1
B077WSVG4Z,"Google Pixel 2 XL Unlocked (GSM Only, No CDMA) - US warranty (Black & White, 64GB)",65
B077YT57R6,"Apple iPhone 7, 128GB, Red - AT&T / T-Mobile (Renewed)",21
B077Z1NXFB,"Nokia 8 - Android One (Upgrade to Pie) - 64 GB - Unlocked Smartphone (AT&T/T-Mobile/MetroPCS/Cricket/H2O) - 5.3" Screen - Glossy Blue"",5
B077ZKKBDB,"Sony Xperia XA2 Ultra Factory Unlocked Phone - 6" Screen - 32GB - Blue (U.S. Warranty)"",124
B077ZMWX1W,"Sony Xperia L2, Unlocked, 32GB - Black (U.S. Warranty)",34
B0781VQD66,"Google Pixel XL 128GB Verizon and GSM Unlocked, Quite Black, 5.5"(Renewed)"",7
B0787V183F,"Google Pixel 2 64 GB, Black Factory Unlocked (Renewed)",86
B0788F8DKC,"Samsung DeX Wireless Qi Desktop Charging Dock Station EE-MG950 Galaxy S8 + Note8 (Renewed)",4
B0788ZD69Z,"Samsung Galaxy S8 Plus Unlocked 64GB (Midnight Black) - (Renewed)",10
B078BP86SC,"Straight Talk Samsung Galaxy J7 Sky Pro 16GB Prepaid Smartphone, Black (Locked)",23
B078BY4P44,"Samsung Galaxy Tab A SM-T580 10.1-Inch Touchscreen International Version (32GB)",15
B078HL31D8,"Samsung Galaxy S7 32gb Gold AT&T",2
B078JR6L2S,"Samsung Galaxy Note 8 64GB Verizon - Midnight Black (Renewed)",39
B078KGP5K5,"Google Pixel 2 64GB Unlocked GSM/CDMA 4G LTE Octa-Core Phone w/ 12.2MP Camera - Kinda Blue",3
B078N87QFD,"Samsung Galaxy S8 Unlocked 64GB - US Version (Coral Blue) - US Warranty (Renewed)",14
B078P23KVB,"Apple iPhone 8 Plus a1897 Gold 64GB GSM Unlocked (Renewed)",30
B078RBVVCV,"Motorola Moto G5S Plus XT1805 4G LTE Unlocked GSM 32GB 4GB RAm Octa Core Dual 13MP International Version No Warranty",37
B078WJSWWN,"Samsung Galaxy S8 64GB Phone - 5.8in Unlocked Smartphone - Arctic Silver (Renewed)",11
B078WZ86Y9,"Apple iPhone 7, GSM Unlocked, 128GB - Red (Renewed)",6
B078WZX9LD,"Apple iPhone 7 - 256GB - GSM Unlocked - Red (Renewed)",1
B078YWG75M,"Samsung Galaxy S8 Plus SM-G955U 64GB for T-Mobile (Renewed)",68
B078YX7N89,"Samsung Galaxy S8 SM-G950U 64GB for T-Mobile (Renewed)",10
B078YX8S5N,"Samsung Galaxy S8 SM-G950U 64GB for T-Mobile (Renewed)",1
B078YXJPRF,"Samsung Galaxy S8 Plus SM-G955U 64GB for AT&T (Renewed)",19
B078YXKLC6,"Samsung Galaxy S8 SM-G950U 64GB for AT&T (Renewed)",30
B078YXKQSJ,"Samsung Galaxy S8 SM-G950U 64GB for AT&T (Renewed)",30
B078YXPCJJ,"Samsung Galaxy S8 SM-G950U 64GB for T-Mobile (Renewed)",7
B078YXQ38Z,"Samsung Galaxy S8 Active 64GB SM-G892A Unlocked GSM - Meteor Gray (Renewed)",29
B078YY1SFC,"Samsung Galaxy S8 Active 64GB SM-G892A Unlocked GSM Phone - Titanium Gold (Renewed)",27
B07914FQ4R,"ASUS ZenFone Max Plus ZB570TL-MT67-3G32G-BK - 5.7” 1920x1080-3GB RAM - 32GB storage - LTE Unlocked Dual SIM Cell Phone - US Warranty - Black",70
B0791VS3N9,"Huawei Mate SE Factory Unlocked 5.93” - 4GB/64GB Octa-core Processor| 16MP + 2MP Dual Camera| GSM Only |Grey (US Warranty)",10
B0792DWMS5,"Samsung Galaxy S8 64GB G950U T-Mobile GSM Unlocked - Midnight Black (Renewed)",1
B0799QJKQ5,"Samsung Galaxy S7 Edge 32GB G935A GSM Unlocked - Pink Gold",1
B079B34R7G,"Samsung Galaxy S8 Active 64GB SM-G892U Sprint - Meteor Gray (Certified Ref)",8
B079C1K282,"Google Pixel 2 XL 64 GB, Black (Renewed)",146
B079H6RLKQ,"Samsung Galaxy S9 G960U 64GB Unlocked GSM 4G LTE Phone w/ 12MP Camera - Midnight Black",10
B079HB518K,"Apple iPhone 7, GSM Unlocked, 32GB - Rose Gold (Renewed)",27
B079HC27HJ,"Apple iPhone 7 128 GB AT&T, Jet Black (Renewed)",4
B079J59FGT,"Google Pixel 2 XL Unlocked US Warranty 128GB Black & White",4
B079J5MKXJ,"Google Pixel 2 XL 128GB Unlocked GSM/CDMA 4G LTE Octa-Core Phone w/ 12.2MP Camera - Just Black",5
B079K78C1Y,"Google Pixel XL 128GB Silver (Unlocked) - (Renewed)",15
B079NM9SZL,"Nokia 5 - Android 9.0 Pie - 16 GB - Dual SIM Unlocked Smartphone (AT&T/T-Mobile/MetroPCS/Cricket/Mint) - 5.2" Screen - Blue"",12
B079PS2HZM,"Huawei Ascend XT (2nd Gen) 4G LTE Cell phone Metallic Silver - GSM Unlocked",34
B079RJWMZG,"Samsung Galaxy S8+, 6.2" 64GB SPRINT Midnight Black"",1
B079RWXLBL,"Apple iPhone 8 256GB GSM Unlocked Phone, Gold (Renewed)",12
B079TZ8NKG,"Samsung Galaxy S6 Edge G925T 64GB Gold Platinum - T-Mobile",1
B079Z792J7,"Motorola G6 – 32 GB – Unlocked (AT&T/Sprint/T-Mobile/Verizon) – Black - (U.S. Warranty) - PAAE0000US",305
B07B81WJRQ,"Sony Xperia XZ2 Compact Unlocked Smartphone - 5" Screen - 64GB - Coral Pink (US Warranty)"",84
B07B82VTX5,"Sony Xperia XZ2 Unlocked Smarphone - Dual SIM - 5.7" Screen - 64GB - Liquid Silver (US Warranty)"",22
B07BBRYWRY,"Samsung Galaxy S9+ Dual SIM Smartphone - Midnight Black - GSM Only - International Version",22
B07BBT5MMD,"Samsung Galaxy S9 AT&T Locked - 64gb - (Lilac Purple, Galaxy S9) (Renewed)",35
B07BFCFDXG,"Samsung Galaxy S9 Plus Verizon + GSM Unlocked 64GB Lilac Purple (Renewed)",76
B07BFHTJTK,"Samsung Galaxy S7 Edge G935v 32GB Smartphone for Verizon Wireless CDMA, Coral Blue (Renewed)",12
B07BFPDGNX,"Samsung Galaxy Note 8 SM-N950U 64GB AT&T - Orchid Grey",12
B07BGTCHW7,"Apple iPhone 6 32GB 4G LTE Dual-Core Smartphone w/ 8MP Camera - Space Gray, Verizon Prepaid (Renewed)",3
B07BHDMHR1,"Huawei P20 Pro 128GB Dual-SIM (GSM Only, No CDMA) Factory Unlocked 4G/LTE Smartphone (Black) - International Version",39
B07BHTLZZS,"Samsung Galaxy S9+ SM-G9650 Single Sim 64GB and 6GB RAM 6.2" Super AMOLED Factory Unlocked - No Warranty Midnight Black…"",4
B07BKSBK9M,"Apple iPhone 6, GSM Unlocked, 64GB - Space Grey (Renewed)",6
B07BSTPWTS,"Samsung Galaxy Note 8 SM-N950U 64GB for T-Mobile (Renewed)",11
B07BSWXZD5,"Samsung Galaxy Note 8 SM-N950U 64GB for AT&T (Renewed)",15
B07BSYQ534,"Samsung Galaxy Note 8 SM-N950U 64GB for AT&T (Renewed)",13
B07C2VFMN2,"Motorola Z3 Play & Moto Power Pack - Unlocked (AT&T/Sprint/T-Mobile/Verizon) - 64GB - Deep Indigo (US Warranty) - PA9S0000US",25
B07C57L57V,"Samsung Galaxy S7 Edge Certified Pre-Owned Factory Unlocked Phone - 5.5" Screen - 32GB - Titanium (1 Year Samsung U.S. Warranty)"",30
B07C5QBPYP,"Sony Xperia XZ2 H8216 64GB 5.7' Factory Unlocked Smartphone (Liquid Silver) US & Latin 4G LTE",1
B07C65VV3R,"Samsung Galaxy S9+ Unlocked - 64gb - Midnight Black - US Warranty (Renewed)",174
B07C65XFBB,"Samsung Galaxy S9 Unlocked - 64gb - Midnight Black - US Warranty (Renewed)",211
B07C7NFJMR,"Apple iPhone 6S Plus, 16GB, Rose Gold - Fully Unlocked (Renewed)",10
B07CFYMN1S,"Samsung Galaxy S7 Certified Pre-Owned Factory Unlocked Phone - 5.1" Screen - 32GB - Gold (1 Year Samsung U.S. Warranty) - SM5G930UZDAXAA"",65
B07CGMQDXW,"Apple iPhone 8 Plus, 64GB, Space Gray - For Verizon (Renewed)",13
B07CHW5KMY,"Motorola Moto G6 (32GB, 3GB RAM) Dual SIM 5.7" 4G LTE (GSM Only) Factory Unlocked Smartphone International Model XT1925-2 (Deep Indigo)"",47
B07CJ7DLHL,"ASUS ZenFone 5Q (ZC600KL-S630-4G-64G-BK) - 6” FHD 2160x1080 display - Quad-camera - 4GB RAM - 64GB storage - LTE Unlocked Dual SIM Cell Phone - US Warranty - Black",44
B07CJQKKYW,"Samsung Galaxy Note 5 SM-N920T 32GB T-Mobile GSM Unlocked - Sapphire Black (Renewed)",1
B07CLT3BDN,"ASUS ZenFone 5Z (ZS620KL-S845-6G64G) - 6.2” FHD+ 2160x1080 display - 6GB RAM - 64GB storage - LTE Unlocked Dual SIM Cell Phone - US Warranty - Midnight Blue",45
B07CLWGC3T,"ASUS ZenFone 5Z (ZS620KL-S845-6G64G) - 6.2” FHD+ 2160x1080 display - 6GB RAM - 64GB storage - LTE Unlocked Dual SIM Cell Phone - US Warranty - Meteor Silver",16
B07CM54RY8,"ASUS ZenFone Max M1 (ZB555KL-S425-2G16G-BK) - 5.5” HD+ 2GB RAM 16GB storage LTE Unlocked Dual SIM Cell phone - US Warranty - Deepsea Black",4
B07CMMGLL3,"Huawei P20 Pro (CLT-L29) 6GB / 128GB 6.1-inches LTE Dual SIM Factory Unlocked - International Stock No Warranty (Midnight Blue)",51
B07CQ28D33,"Samsung Galaxy S7 G930P 32GB Prepaid Boost Mobile - Black Onyx (Renewed)",6
B07CT4JC7J,"Google Pixel 2 XL 64GB Smartphone - Verizon - Just Black (Renewed)",11
B07D6TCG98,"Apple iPhone 8, 64GB, Gold - For AT&T (Renewed)",10
B07D9TTLZG,"OnePlus Factory Unlocked Phone - 6.28" Screen - 64GB - Mirror Black"",1
B07DD71K4D,"Nokia 3.1 - Android 9.0 Pie - 16 GB - Dual SIM Unlocked Smartphone (AT&T/T-Mobile/MetroPCS/Cricket/Mint) - 5.2" Screen - White - U.S. Warranty"",65
B07DDBQ67F,"Nokia 3.1 - Android 9.0 Pie - 16 GB - Dual SIM Unlocked Smartphone (AT&T/T-Mobile/MetroPCS/Cricket/Mint) - 5.2" Screen - Black - U.S. Warranty"",65
B07DP4V5PX,"Samsung Galaxy S8+ Plus 64GB Sprint (Certified Refurbished) (Coral Blue)",3
B07DVV3BJY,"Apple iPhone 5S, GSM Unlocked, 16GB - Silver (Renewed)",24
B07DW9XMQC,"ASUS ZenFone Max Plus (ZB570) - 5.7” 1920x1080-3GB RAM - 32GB storage - LTE Unlocked Dual SIM Cell Phone - US Warranty - Black (Renewed)",8
B07DXJR9T5,"Verizon Prepaid Motorola Moto G6 Play MOTXT19226PP with 16GB Memory 5.7 IPS TouchScreen Fingerprint Android 8.0 Oreo OS Prepaid Cell Phone - Carrier Locked to Verizon Prepaid",2
B07DXPLJB2,"Boost Mobile MOTO G6 Play with 5.7 IPS touch screen fingerprint 16GB Memory Android 8.0 Oreo OS Prepaid Cell Phone, Carrier Locked to Boost Mobile",4
B07DY25LDW,"Samsung Galaxy Note 8 64GB Verizon + GSM Unlocked (Midnight Black) (Renewed)",9
B07F2RX25J,"Huawei Y5 2018 DRA-L23 DUAL SIM FullView Display 5.45" 4G LTE Quad Core 16GB 8MP Smartphone Factory Unlocked Android GO (International Version- No Warranty) (Black)"",10
B07FKD3H9Q,"Apple iPad mini 4 (32GB, Wi-Fi + Cellular, Space Gray) (Renewed)",1
B07FMFK1Q9,"Samsung Galaxy S7 Edge 32GB SM-G935T Unlocked GSM 4G LTE Android Smartphone (Renewed)",11
B07FMHBMRJ,"Samsung Galaxy S7 Edge 32GB SM-G935T Unlocked GSM 4G LTE Android Smartphone (Renewed)",1
B07FMPVBQR,"Xiaomi Mi A2 64GB + 4GB RAM, Dual Camera, LTE AndroidOne Smartphone - International Global Version (Rose Gold) (Black)",136
B07FRWH1R3,"Apple iPhone 8 Plus, 64GB, Red - For AT&T / T-Mobile (Renewed)",18
B07FS3RNFJ,"Samsung J737T Galaxy J7 Star (2018) Unlocked 32GB (Carrier Packaging)",43
B07FXRR28W,"Samsung Galaxy Note 5 SM-N920T 32GB Platinum Gold - T-Mobile",1
B07G2S7CT3,"Huawei Honor 7A 16GB, Dual SIM, 2GB RAM, 5.7" LTE Factory Unlocked Smartphone - International Version (Black)"",8
B07G3T73J5,"Samsung Galaxy Note 9 128GB (Single-SIM) SM-N960F (GSM Only, No CDMA) Factory Unlocked 4G/LTE Smartphone - International Version (Lavender Purple)",1
B07G4G6C2L,"Samsung Galaxy J7 Refine - Boost Mobile - Prepaid Cell Phone - Carrier Locked",27
B07G7JQCNX,"Xiaomi Mi A2 Lite 64GB + 4GB RAM, Dual Camera, LTE AndroidOne Smartphone (Black)",38
B07G7N1MD2,"Motorola e5 Play 16GB Smartphone , Black",17
B07G7QZKBG,"Xiaomi Redmi 6-64GB + 4GB RAM, Dual Camera, Dual SIM GSM Factory Unlocked Smartphone - International Global 4G LTE Version - No Warranty (Black)",3
B07GCBWWPL,"Samsung Galaxy Note 9 SM-N960F/DS 128GB/6GB 6.4” QHD+ sAMOLED Factory Unlocked GSM (No CDMA) - International Version (No Warranty in The USA) (Ocean Blue)",56
B07GDTHH2H,"Samsung - Galaxy Note 9 (AT&T) - (Factory Unlocked) Lavender Purple - 128 GB",2
B07GVLKNB4,"Asus - ZenFone Live with 16GB Memory Cell Phone, 5.5" IPS Touch Screen (Unlocked) - Midnight Black"",1
B07GVNHQV4,"Motorola Moto Z3 MOTXT192917 GSM/CDMA LTE Unlocked Droid Edition 5G Capable - Ceramic Black",8
B07GW1DXFP,"Samsung Galaxy Prime 16GB J327 J3 AT&T T-Mobile Unlocked Smartphone - Silver (Renewed)",12
B07GYK8MBD,"Samsung Galaxy J3 (2018) J337A 16GB Unlocked GSM 4G LTE Phone w/ 8MP Camera - Black",8
B07GYYT1LK,"Samsung Galaxy S8 Active 64GB SM-G892A at&T - Meteor Gray",7
B07H7SBBWQ,"Xiaomi Redmi 6 - 64GB + 3GB RAM, Dual Camera, Dual SIM GSM Factory Unlocked Smartphone - International Global 4G LTE Version - No Warranty (Black)",14
B07H8Q3C9T,"Samsung Galaxy J2 Core 2018 International Version, No Warranty Factory Unlocked 4G LTE (USA Latin Caribbean) Android Oreo SM-J260M Dual Sim 8MP 8GB (Black)",46
B07H8SBLBC,"Motorola Moto E5 Play XT1920-19 Factory Unlocked 16GB Dual SIM 1GB RAM 4G LTE 5.3" LCD Display 8MP International Version (Black)"",29
B07HC3CSMR,"Samsung Galaxy S8 64 GB Unlocked Phone with FREE Cellairis Phone Case & Screen Protector",1
B07HCQ8VDQ,"Samsung Galaxy Note 5 N920A, Black 32GB - at&T GSM Unlocked",9
B07HD2X91Q,"Nokia 7.1 - Android 9.0 Pie - 64 GB - Dual Camera - Dual SIM Unlocked Smartphone (Verizon/AT&T/T-Mobile/MetroPCS/Cricket/H2O) - 5.84" FHD+ HDR Screen - Blue - U.S. Warranty"",234
B07HFHX6HX,"Samsung Galaxy Note 8 N950U 64GB Unlocked GSM 4G LTE Android Smartphone w/Dual 12 MegaPixel Camera (Renewed) (Midnight Black)",84
B07HFKWDK7,"Motorola Moto G5S Plus Unlocked GSM Android Smartphone (Blush Gold)",16
B07HH9ZD4Y,"OnePlus 6T A6013 Dual Sim 128GB/6GB (Mirror Black) - Factory Unlocked - GSM ONLY, NO CDMA - No Warranty in the USA",30
B07HHQ2K9J,"Nokia 5 - Android 9.0 Pie - 16 GB - Single SIM Unlocked Smartphone (AT&T/T-Mobile/MetroPCS/Cricket/Mint) - 5.2" Screen - Silver"",14
B07HHRF89L,"Nokia 5 - Android 9.0 Pie - 16 GB - Single SIM Unlocked Smartphone (AT&T/T-Mobile/MetroPCS/Cricket/Mint) - 5.2" Screen - Blue"",6
B07HK4JNV1,"Xiaomi Redmi Note 6 Pro 64GB / 4GB RAM 6.26" Dual Camera LTE Factory Unlocked Smartphone Global Version (Black)"",199
B07HKPBTVV,"Pixel Phone 3-128GB - US Warranty - Just Black - (Renewed)",16
B07HKPMFZ5,"Google Pixel 3 XL 64GB Unlocked GSM & CDMA 4G LTE Android Phone w/ 12.2MP Rear & Dual 8MP Front Camera - Just Black (Renewed)",49
B07HQTWQVT,"Sony H3123 - Black/SBH-90C/SCSH10 Xperia XA2 Accessory Bundle, (Bundle Includes: 1 Xperia XA2, 1 SBH90C Bluetooth Headset, 1 Flip Phone Case), Black",89
B07HRXB728,"Samsung Galaxy S9+ Plus Verizon + GSM Unlocked 64GB - Lilac Purple",4
B07HWYWPN7,"Samsung Galaxy S8 Plus G955U 64GB Phone- 6.2" Display - Sprint (Orchid Gray)"",3
B07HXHPNKH,"Verizon Wireless Prepaid - Motorola Moto E5 Play - 4G with 16GB Memory No-Contract Cell Phone",5
B07J1Q8P6G,"Samsung Galaxy S9 SM-G960U 64GB for T-Mobile (Renewed)",4
B07J2Q68N4,"Samsung Galaxy S9 G960U Verizon + GSM Unlocked 64GB (Midnight Black)",5
B07J4Z9647,"Huawei Mate 20 Lite SNE-LX3 64GB (Factory Unlocked) 6.3" FHD (International Version) (Black)"",112
B07J58XN6D,"Motorola Moto G6 - Verizon Locked Phone - 5.7in Screen - 32GB - Black - U.S. Warranty - (Renewed)",19
B07J62YCWB,"Motorola Z2 Force (Super Black, ATT GSM Unlocked)",2
B07JFTCMV3,"Samsung Gear S2 Wi-Fi + AT&T 3G Smartwatch, Dust and Water Resistant, White (Renewed)",2
B07JGVYVK8,"Huawei Y9 2019 JKM-LX3 6.5" HiSilicon Kirin 710 64GB 3GB RAM Dual SIM A-GPS Fingerprint -Glonass No Warranty US (Black)"",26
B07JML1XPT,"Samsung Galaxy Note 8 N950U 64GB - T-Mobile (Orchid Gray)",2
B07JRDXXK6,"Samsung Galaxy S8 Active (G892A) GSM Unlocked Military-Grade Durable Smartphone w/ 5.8in Shatter-Resistant Glass, Meteor Gray (Renewed)",32
B07JVC2JNQ,"Google Pixel 3, Verizon, 64 GB - Clearly White",28
B07JZRFHTP,"Samsung Galaxy S8+ Certified Pre-Owned Factory Unlocked Phone - 6.2Inch Screen - 64GB - Midnight Black (U.S. Warranty) - SM5G955UZKAXAA",2
B07JZRL7N5,"Samsung Galaxy S8 Certified Pre-Owned Factory Unlocked Phone - 5.8Inch Screen - 64GB - Midnight Black (U.S. Warranty) - SM5G950UZKAXAA",11
B07JZXVS9D,"Huawei Mate 20 HMA-L29 128GB+4GB - Factory Unlocked International Version - GSM ONLY, NO CDMA - No Warranty in The USA (Midnight Blue)",7
B07K1M36CM,"Huawei Mate 20 Pro LYA-L29 128GB + 6GB - Factory Unlocked International Version - GSM ONLY, NO CDMA - No Warranty in The USA (Black)",75
B07K1MFQ7S,"Motorola moto e⁴ XT1765 16GB Smartphone 8MP 5.0" HD Android 7.1 Nougat (Fine Gold) T-Mobile"",3
B07K2HWC9V,"Moto E4 Verizon Prepaid - XT1765 16GB 5" 4G LTE Smartphone - Gold"",6
B07K3X5JTP,"Google - Pixel 3 XL with 64GB Memory Cell Phone (Unlocked) - Just Black",26
B07K4F5759,"Samsung Galaxy S8 G950U 64GB Unlocked GSM U.S. Version Phone - w/ 12MP Camera - Orchid Gray (Renewed)",18
B07K4TRTDV,"Samsung Galaxy S8 Active 64GB SM-G892U Sprint CDMA/GSM Unlocked - Meteor Gray (Renewed)",7
B07K4V35TJ,"Apple iPhone XS, 64GB, Gold - Fully Unlocked (Renewed)",30
B07K8TVZ3J,"Apple iPhone XS Max, 64GB, Gold - For Verizon (Renewed)",33
B07KCPMMF7,"Samsung Galaxy J7 Prime SM-J727T 5.5in Smartphone 16GB Android T-Mobile (Renewed)",2
B07KFN43WC,"Apple iPhone XS Max, 256GB, Gold - Fully Unlocked (Renewed)",33
B07KJM21TB,"Samsung Galaxy J7 J727A 16GB Carrier Branded Unlocked (Black) (Renewed)",8
B07KKP8G1Q,"SAMSUNG Galaxy A9 2018 SM-A920F Dual SIM - Unlocked - 4G LTE - 6.3" Screen - 6GB/128GB Memory - Quad Camera - 24MP Selfie Camera - International Version - NO Warranty - Black"",15
B07KNB1TN8,"Samsung Galaxy Note9 N960U 128GB Unlocked 4G LTE Phone w/ Dual 12MP Camera - Midnight Black (Renewed)",180
B07KSFL2K5,"Samsung Electronics 32GB A6 Factory Unlocked Phone - 5.6" - Black (U.S. Warranty)"",9
B07KWDTVR4,"Nokia 7 Plus TA-1046 Dual Sim 64GB/4GB (Black) - Factory Unlocked - International Version - No Warranty in The USA - GSM ONLY, NO CDMA - Android One",3
B07KWX9GNJ,"Samsung Galaxy A50 A505G 64GB Duos GSM Unlocked Phone w/Triple 25MP Camera - (International Version, No Warranty) - Black",23
B07KX73JJL,"Samsung Galaxy S9 G960U AT&T GSM Unlocked 64GB - Lilac Purple (Renewed)",20
B07KX8DXW8,"Google Pixel 3 64GB Unlocked GSM & CDMA 4G LTE - Just Black (Renewed)",12
B07KYGHQ1X,"Motorola Moto X4 Android One Edition Factory Unlocked Phone - 5.2inch Screen - 32GB - Black (U.S. Warranty)",100
B07L14D7F7,"Huawei Honor 8X (64GB + 4GB RAM) 6.5" HD 4G LTE GSM Factory Unlocked Smartphone - International Version No Warranty JSN-L23 (Black)"",142
B07L1CG9BD,"Samsung Galaxy S8+ SM-G955U 64GB Midnight Black AT&T (Renewed)",17
B07L375RS6,"Google Pixel 3 XL Unlocked GSM/CDMA - US Warranty (Just Black, 64GB) (Renewed)",17
B07L44WY1F,"Motorola Moto G6 MOTXT192512 - 32GB - (Verizon) Smartphone - BLACK - (Renewed)",7
B07L4WRXXT,"Huawei Honor 8X (64GB + 4GB RAM) 6.5" HD 4G LTE GSM Factory Unlocked Smartphone - International Version No Warranty JSN-L23 (Blue)"",99
B07L6RCH5W,"Google Pixel 3, Verizon, 64 GB - Clearly White (Renewed)",1
B07L759TFQ,"Samsung Galaxy J8 (2018) Duos SM-J810F/DS 32GB Dual SIM Factory Unlocked GSM Smartphone - International Version, No Warranty (Lavender)",26
B07LBPP4J9,"Nokia 6.1 - Android 9.0 Pie - 32GB + 32GB MicroSD - Single SIM Unlocked Smartphone (AT&T/T-Mobile/MetroPCS/Cricket/Mint) - 5.5" Screen - Black"",15
B07M94R4GF,"Samsung Galaxy J3 (2018) J337A 16GB Unlocked GSM 4G LTE Phone w/ 8MP Camera - Black (Renewed)",6
B07MF3JM4T,"Motorola Moto One - Android One - 64 GB - 13+2 MP Dual Rear Camera - Dual SIM Unlocked Smartphone (at&T/T-Mobile/MetroPCS/Cricket/H2O) - 5.9" HD+ Display - XT1941-3 - (International Version) (Black)"",55
B07MF3Y8Y5,"Motorola G6 (XT1925) 32GB GSM Unlocked Android Smartphone (AT&T/T-Mobile/Mint) - Black (Renewed)",13
B07MGC6WVV,"Samsung Galaxy Note 3 SM-N900T (32 GB, T-Mobile) (Renewed)",1
B07MK93MVZ,"ASUS ZenFone 5Q (ZC600KL-S630-4G-64G-BK) - 6” FHD 2160x1080 display - Quad-camera - 4GB RAM - 64GB storage - LTE Unlocked Dual SIM Cell Phone - US Warranty - Black (Renewed)",2
B07MR1PF21,"Samsung - Galaxy Note 9 (Verizon) (Black, 128GB) (Renewed)",20
B07MY7XPNZ,"AT&T Moto E5 Play with 16GB Memory Prepaid Cell Phone - Black - Carrier Locked to AT&T",8
B07MZ2TRTC,"Sony Xperia 10 Plus Unlocked Smartphone - US Warranty",47
B07N11SM58,"Nokia 9 PureView - Android 9.0 Pie - 128 GB - Single SIM Unlocked Smartphone (at&T/T-Mobile/MetroPCS/Cricket/H2O) - 5.99" QHD+ Screen - Qi Wireless Charging - Midnight Blue - U.S. Warranty"",34
B07N2GXR7K,"Samsung Galaxy J7 2018 (16GB) J737A - 5.5in HD Display, Android 8.0, Octa-core 4G LTE at&T Unlocked Smartphone (Black) (Renewed)",5
B07N4M412B,"Samsung Galaxy S10 Factory Unlocked Phone with 128GB - Prism Black",266
B07N7M2P59,"Samsung Galaxy S8 Active G892U 5.8" Android 64GB T-Mobile Smartphone - Meteor Gray (Renewed)"",4
B07N7M7VBV,"Samsung Galaxy Note 9 SM-N960U 128GB Unlocked (Silver) (Renewed)",12
B07N91S9MW,"Moto G7 – Unlocked – 64 GB – Ceramic Black (US Warranty) - Verizon, AT&T, T-Mobile, Sprint, Boost, Cricket, & Metro",97
B07N9LN3RC,"Motorola G7 Play 32GB GSM Nano-SIM Phone w/ 13MP Camera - Deep Indigo",3
B07N9M9FX4,"Moto G7 – Unlocked – 64 GB – Ceramic Black (US Warranty) - Verizon, AT&T, T-Mobile, Sprint, Boost, Cricket, Metro",26
B07NGDHMKL,"HUAWEI P Smart 2019 Pot-LX3 32GB Unlocked GSM 4G LTE Dual Camera (13MP+2MP) Phone - Coral Red …",7
B07NL58M5L,"ASUS ZenFone Max Pro (M2) (ZB631KL) 4GB / 128GB 6.3-inches LTE Dual SIM Factory Unlocked - International Stock No Warranty (Cosmic Titanium)",5
B07NP3RD5H,"Motorola Moto G7 (64GB, 4GB RAM) Dual SIM 6.2" 4G LTE (GSM Only) Factory Unlocked Smartphone International Model XT1962-4 No Warranty (Ceramic Black)"",36
B07NPRQYP1,"Moto G7 Power - Unlocked - 64 GB - Marine Blue (No Warranty) - International Model (GSM Only)",162
B07NVWSTHP,"Motorola Moto Z3 Play 32GB XT1929-3 Deep Indigo - Sprint (Renewed)",1
B07NWKP41X,"Samsung Galaxy S10+ Plus 512GB / 8GB RAM SM-G975F/DS Hybrid/Dual-SIM (GSM Only, No CDMA) Factory Unlocked 4G/LTE Smartphone - International Version No Warranty (Ceramic White)",10
B07NYBD9DW,"Moto X4 Android One Edition - 64GB - Black - Unlocked",100
B07NZ98856,"Nokia 3 - Android 9.0 Pie - 16 GB - Dual SIM Unlocked Smartphone (AT&T/T-Mobile/MetroPCS/Cricket/Mint) - 5.0" HD Screen - Copper"",4
B07NZVM3RN,"Samsung Galaxy S10e 128GB+6GB RAM SM-G970 Dual Sim 5.8" LTE Factory Unlocked Smartphone (International Model) (Prism Black)"",47
B07NZXXZB2,"Samsung Galaxy S10 128GB+8GB RAM SM-G973F/DS Dual Sim 6.1" LTE Factory Unlocked Smartphone (International Model No Warranty) (Prism White)"",78
B07P6Y7954,"Apple iPhone XR, 64GB, Black - Fully Unlocked (Renewed)",165
B07P6Y8L3F,"Apple iPhone XR, 64GB, Red - Fully Unlocked (Renewed)",165
B07P8MQHSH,"Google - Pixel 3 with 64GB Memory Cell Phone (Unlocked) - Just Black",13
B07PC21HKM,"Samsung Galaxy S9+ SM-G9650 Dual Sim 128GB 6GB RAM 6.2" Super AMOLED Factory Unlocked - No Warranty (Sunrise Gold) (Renewed)"",1
B07PJV9ZLR,"Samsung Galaxy S10+ Factory Unlocked Phone with 128GB (U.S. Warranty), Prism Black (Renewed)",36
B07PLLZRHC,"Samsung Galaxy J7 Star J737T 5.5" T-Mobile 32GB Android 13MP - Silver (Renewed)"",2
B07PPZQHPV,"Sony Xperia 10 Plus i4293 64GB/6GB Dual Sim (Black) - International Model - No Warranty in The USA - GSM ONLY, NO CDMA",5
B07PQSYGKB,"OnePlus 6T A6013 128GB Mirror Black - T-Mobile (Renewed)",7
B07PR1Z2BF,"Moto Z3 Play - Unlocked - 32 GB - Deep Indigo (US Warranty) - Verizon, AT&T, T-Mobile, Sprint",3
B07PRSPD3Q,"Nokia Mobile Nokia 5.1 Plus - Android 9.0 Pie - 32 GB - Dual Camera - Dual SIM Unlocked Smartphone (AT&T/T-Mobile/MetroPCS/Cricket/Mint) - 5.86" 19:9 HD+ Screen - Black"",4
B07PV68K73,"Samsung Galaxy A50 SM-A505G 64GB 4GB RAM 25 MP 6.4" Factory Unlocked International Version- Black"",94
B07PY52GVP,"Xiaomi Redmi Note 7, 64GB/4GB RAM, 6.30'' FHD+, Snapdragon 660, Black - Unlocked Global Version",146
B07Q2WPMNB,"HUAWEI P30 Pro Factory Unlocked International Version 128GB Black",17
B07Q84DPZH,"Samsung Galaxy A10 32GB (A105M) 6.2" HD+ Infinity-V 4G LTE Factory Unlocked GSM Smartphone - Black"",161
B07QB9HMLF,"Samsung Galaxy Note 9 N960U 128GB T-Mobile GSM Unlocked Phone (Midnight Black, 128GB)(Renewed)",2
B07QCQ9JRH,"Samsung Galaxy M10 M105M 16GB Unlocked GSM Phone w/Dual 13 MP & 5 MP Camera - Ocean Blue",8
B07QCXPP71,"Xiaomi Redmi 7 64GB + 3GB RAM 6.26" HD+ LTE Factory Unlocked GSM Smartphone (Global Version) (Comet Blue)"",8
B07QDP1YCJ,"Samsung Galaxy M20 M205M 32GB Unlocked GSM Phone w/Dual 13 MP & 5 MP Cameras - Ocean Blue",1
B07QDVJRY6,"Huawei Honor 8X (64GB + 4GB RAM) 6.5" HD 4G LTE GSM Factory Unlocked Smartphone - International Version No Warranty JSN-L23 (Blue) (Renewed)"",1
B07QFFSQFN,"Samsung Galaxy Note 9 N960U 512GB T-Mobile GSM Unlocked Phone - Ocean Blue (Renewed)",1
B07QFS3L4G,"Samsung Galaxy M20 M205M 32GB Unlocked GSM Phone w/Dual 13 MP & 5 MP Camera - Charcoal Black",9
B07QGG4654,"Samsung Galaxy Note 9 N960U 128GB T-Mobile GSM Unlocked Phone (Ocean Blue, 128GB)(Renewed)",5
B07QJCY1SF,"Xiaomi Redmi 7 64GB + 3GB RAM 6.26" HD+ LTE Factory Unlocked GSM Smartphone (Global Version) (Eclipse Black)"",2
B07QN78KC6,"Samsung Galaxy A70 SM-A705F/DS Dual-SIM (128GB ROM, 6GB RAM, 6.7-Inch, GSM Only, No CDMA) Factory Unlocked 4G/LTE Smartphone - International Version (White)",13
B07QP7WZ1T,"Motorola Moto G7 Power 32GB+4GB RAM XT1955-2 LTE Factory Unlocked GSM 5000mAh Battery Smartphone (International Version) (Marine Blue)",24
B07QP9CSFT,"Motorola One XT1941-3 32B Unlocked GSM Dual-SIM Phone w/Dual 13+2 Megapixel Camera - Black",8
B07QQDZ5SN,"Huawei P30 ELE-L29 128GB Hybrid Dual Sim Unlocked GSM Phone w/Triple (40 MP + 16 MP + 8 MP) Camera - Aurora",20
B07QTLB1D9,"Nokia 4.2 - Android One (Pie) - 32 GB - 13+2 MP Dual Camera - Dual SIM Unlocked Smartphone (AT&T/T-Mobile/MetroPCS/Cricket/H2O) - 5.71" HD+ Screen - Black - U.S. Warranty"",15
B07R3FCNCZ,"Samsung Galaxy S9+ G965U 256GB Unlocked GSM 4G LTE Phone w/Dual 12MP Camera - Lilac Purplepur (Renewed)",1
B07R4PP7FF,"Xiaomi Mi 9 64GB + 6GB RAM - 48MP Ultra High Resolution Camera LTE Factory Unlocked GSM Smartphone (Global Version) (Piano Black)",12
B07R5ZYR77,"Xiaomi Mi 9 128GB + 6GB RAM - 48MP Ultra High Resolution Camera LTE Factory Unlocked GSM Smartphone (Global Version, No Warranty) (Piano Black)",15
B07R7DY911,"Google - Pixel 3a with 64GB Memory Cell Phone (Unlocked) - Just Black",392
B07RB78W37,"Moto Z4 – Unlocked – 128 GB – Flash Gray (US Warranty) - Verizon, AT&T, T-Mobile, Sprint, Boost, Cricket, Metro - PAF60007US",21
B07RCXCPV5,"OnePlus 7 Pro Dual Sim Factory Unlocked GM1917 8GB+256GB Mirror Gray (ATT, Verizon, Tmobile) - US Warranty",17
B07RN984G5,"Samsung Galaxy S7 Edge G935P SM-G935P 32GB - Sprint & GSM Unlocked (Blue Coral)",1
B07RYBGNDQ,"OnePlus 6T A6013 128GB Storage + 8GB Memory, 6.41 inch AMOLED Display, Android 9 - Mirror Black US Version VERIZON + GSM T-Mobile Unlocked Phone (Renewed)",5
B07SBJPYLW,"Motorola One Vision (128GB) 6.3' Full HD Display, 48MP Camera, Dual SIM US + GLOBAL 4G LTE GSM Factory Unlocked XT1970-1 - International Version (Blue)",13
B07SWFLKYW,"Nokia 2.2 - Android 9.0 Pie - 32 GB - Single Sim Unlocked Smartphone (AT&T/T-Mobile/Metropcs/Cricket/Mint) - 5.71" HD+ Screen - Black - U.S. Warranty"",4
B07SWR8QZL,"Apple iPad Mini 4, 64GB with Retina Display, Wi-Fi + Cellular, Space Gray (Renewed)",1
B07TTJTDQ9,"Google - Pixel 3a XL with 64GB Memory Cell Phone (Unlocked) - Just Black (Renewed)",1
B07V5KS95Y,"Samsung Galaxy Note 10+ Plus Factory Unlocked Cell Phone with 512GB (U.S. Warranty), Aura Black/ Note10+",27
B07V682K4N,"Motorola Moto G7 Power (64GB, 4GB RAM) Dual SIM 6.2" 4G LTE (GSM Only) Factory Unlocked Smartphone International Model XT1955-2 No Warranty (Violet) (Renewed)"",1
B07VD3JH2C,"Xiaomi Mi A3 64GB + 4GB RAM, Triple Camera, 4G LTE Smartphone - International Global Version (Not just Blue)",13
B07WFJ6HRF,"Apple iPhone XS, 512GB, Gold - For Verizon (Renewed)",30
B07X51T2VK,"Honor 5X Unlocked Smartphone, 16GB Dark Grey (US Warranty) (Renewed)",1
